{
    "swagger": "2.0",
    "info": {
        "termsOfService": "https://confluence.homecredit.ru/confluence/pages/viewpage.action?pageId=157493603",
        "contact": {
            "name": "API Support",
            "url": "https://jira.homecredit.ru/projects/DEVOPS",
            "email": "yrumyantsev@homecredit.ru"
        },
        "license": {
            "name": "Apache 2.0",
            "url": "http://www.apache.org/licenses/LICENSE-2.0.html"
        }
    },
    "paths": {
        "/env": {
            "get": {
                "description": "Internal method",
                "consumes": [
                    "application/json"
                ],
                "produces": [
                    "application/json"
                ],
                "tags": [
                    "internal"
                ],
                "summary": "Show config for service",
                "responses": {
                    "200": {
                        "description": "desc",
                        "schema": {
                            "$ref": "#/definitions/go_base_api.JSONResult"
                        }
                    },
                    "400": {
                        "description": "Bad Request",
                        "schema": {
                            "$ref": "#/definitions/go_base_api.JSONResult"
                        }
                    },
                    "404": {
                        "description": "Not Found",
                        "schema": {
                            "$ref": "#/definitions/go_base_api.JSONResult"
                        }
                    },
                    "405": {
                        "description": "Method Not Allowed",
                        "schema": {
                            "$ref": "#/definitions/go_base_api.JSONResult"
                        }
                    },
                    "500": {
                        "description": "Internal Server Error",
                        "schema": {
                            "$ref": "#/definitions/go_base_api.JSONResult"
                        }
                    }
                }
            }
        },
        "/health": {
            "get": {
                "description": "Internal method",
                "consumes": [
                    "application/json"
                ],
                "produces": [
                    "application/json"
                ],
                "tags": [
                    "internal"
                ],
                "summary": "Health check",
                "responses": {
                    "200": {
                        "description": "desc",
                        "schema": {
                            "$ref": "#/definitions/go_base_api.JSONResult"
                        }
                    },
                    "400": {
                        "description": "Bad Request",
                        "schema": {
                            "$ref": "#/definitions/go_base_api.JSONResult"
                        }
                    },
                    "404": {
                        "description": "Not Found",
                        "schema": {
                            "$ref": "#/definitions/go_base_api.JSONResult"
                        }
                    },
                    "500": {
                        "description": "Internal Server Error",
                        "schema": {
                            "$ref": "#/definitions/go_base_api.JSONResult"
                        }
                    }
                }
            }
        },
        "/info": {
            "get": {
                "description": "Internal method",
                "consumes": [
                    "application/json"
                ],
                "produces": [
                    "application/json"
                ],
                "tags": [
                    "internal"
                ],
                "summary": "Show config for service",
                "responses": {
                    "200": {
                        "description": "desc",
                        "schema": {
                            "$ref": "#/definitions/go_base_api.JSONResult"
                        }
                    },
                    "400": {
                        "description": "Bad Request",
                        "schema": {
                            "$ref": "#/definitions/go_base_api.JSONResult"
                        }
                    },
                    "404": {
                        "description": "Not Found",
                        "schema": {
                            "$ref": "#/definitions/go_base_api.JSONResult"
                        }
                    },
                    "405": {
                        "description": "Method Not Allowed",
                        "schema": {
                            "$ref": "#/definitions/go_base_api.JSONResult"
                        }
                    },
                    "500": {
                        "description": "Internal Server Error",
                        "schema": {
                            "$ref": "#/definitions/go_base_api.JSONResult"
                        }
                    }
                }
            }
        },
        "/vault/api/v1/getAppRoleToken": {
            "put": {
                "security": [
                    {
                        "ApiKeyAuth": []
                    }
                ],
                "description": "Method generate user vault token for valid vault approles by selected groups",
                "consumes": [
                    "application/json"
                ],
                "produces": [
                    "application/json"
                ],
                "tags": [
                    "vault"
                ],
                "summary": "Generate user vault token select group",
                "parameters": [
                    {
                        "type": "string",
                        "description": "VaultID",
                        "name": "vault",
                        "in": "query",
                        "required": true
                    },
                    {
                        "description": "Groups name for generate token",
                        "name": "groups",
                        "in": "body",
                        "required": true,
                        "schema": {
                            "$ref": "#/definitions/vault.GroupList"
                        }
                    }
                ],
                "responses": {
                    "200": {
                        "description": "desc",
                        "schema": {
                            "$ref": "#/definitions/vault.JSONResult"
                        }
                    },
                    "400": {
                        "description": "Bad Request",
                        "schema": {
                            "$ref": "#/definitions/vault.JSONResult"
                        }
                    },
                    "404": {
                        "description": "Not Found",
                        "schema": {
                            "$ref": "#/definitions/vault.JSONResult"
                        }
                    },
                    "500": {
                        "description": "Internal Server Error",
                        "schema": {
                            "$ref": "#/definitions/vault.JSONResult"
                        }
                    }
                }
            }
        },
        "/vault/api/v1/getAppRoles": {
            "get": {
                "security": [
                    {
                        "ApiKeyAuth": []
                    }
                ],
                "description": "Method response all existing vault approles for selected vault server",
                "consumes": [
                    "application/json"
                ],
                "produces": [
                    "application/json"
                ],
                "tags": [
                    "vault"
                ],
                "summary": "Get Vault AppRoles",
                "parameters": [
                    {
                        "type": "string",
                        "description": "VaultID",
                        "name": "vault",
                        "in": "query",
                        "required": true
                    }
                ],
                "responses": {
                    "200": {
                        "description": "desc",
                        "schema": {
                            "$ref": "#/definitions/vault.JSONResult"
                        }
                    },
                    "400": {
                        "description": "Bad Request",
                        "schema": {
                            "$ref": "#/definitions/vault.JSONResult"
                        }
                    },
                    "404": {
                        "description": "Not Found",
                        "schema": {
                            "$ref": "#/definitions/vault.JSONResult"
                        }
                    },
                    "500": {
                        "description": "Internal Server Error",
                        "schema": {
                            "$ref": "#/definitions/vault.JSONResult"
                        }
                    }
                }
            }
        },
        "/vault/api/v1/getSecretNameList": {
            "get": {
                "security": [
                    {
                        "ApiKeyAuth": []
                    }
                ],
                "description": "Method response all secret names end app for selected vault server, team, env, app",
                "consumes": [
                    "application/json"
                ],
                "produces": [
                    "application/json"
                ],
                "tags": [
                    "vault"
                ],
                "summary": "Get Vault Secret Names List",
                "parameters": [
                    {
                        "type": "string",
                        "description": "VaultID",
                        "name": "vault",
                        "in": "query",
                        "required": true
                    },
                    {
                        "type": "string",
                        "description": "ClusterID",
                        "name": "cluster",
                        "in": "quecry",
                        "required": true
                    },
                    {
                        "type": "string",
                        "description": "Team",
                        "name": "team",
                        "in": "query",
                        "required": true
                    },
                    {
                        "type": "string",
                        "description": "Env",
                        "name": "env",
                        "in": "query",
                        "required": true
                    },
                    {
                        "type": "string",
                        "description": "App",
                        "name": "app",
                        "in": "query",
                        "required": true
                    }
                ],
                "responses": {
                    "200": {
                        "description": "desc",
                        "schema": {
                            "$ref": "#/definitions/vault.JSONResult"
                        }
                    },
                    "400": {
                        "description": "Bad Request",
                        "schema": {
                            "$ref": "#/definitions/vault.JSONResult"
                        }
                    },
                    "404": {
                        "description": "Not Found",
                        "schema": {
                            "$ref": "#/definitions/vault.JSONResult"
                        }
                    },
                    "500": {
                        "description": "Internal Server Error",
                        "schema": {
                            "$ref": "#/definitions/vault.JSONResult"
                        }
                    }
                }
            }
        },
        "/vault/api/v1/getValidRolesForUser": {
            "get": {
                "security": [
                    {
                        "ApiKeyAuth": []
                    }
                ],
                "description": "Method response all valid vault approles for selected vault server",
                "consumes": [
                    "application/json"
                ],
                "produces": [
                    "application/json"
                ],
                "tags": [
                    "vault"
                ],
                "summary": "Get user approles",
                "parameters": [
                    {
                        "type": "string",
                        "description": "VaultID",
                        "name": "vault",
                        "in": "query",
                        "required": true
                    }
                ],
                "responses": {
                    "200": {
                        "description": "desc",
                        "schema": {
                            "$ref": "#/definitions/vault.JSONResult"
                        }
                    },
                    "400": {
                        "description": "Bad Request",
                        "schema": {
                            "$ref": "#/definitions/vault.JSONResult"
                        }
                    },
                    "404": {
                        "description": "Not Found",
                        "schema": {
                            "$ref": "#/definitions/vault.JSONResult"
                        }
                    },
                    "500": {
                        "description": "Internal Server Error",
                        "schema": {
                            "$ref": "#/definitions/vault.JSONResult"
                        }
                    }
                }
            }
        },
        "/vault/api/v1/getVaults": {
            "get": {
                "security": [
                    {
                        "ApiKeyAuth": []
                    }
                ],
                "description": "Method response all existing vaults servers",
                "consumes": [
                    "application/json"
                ],
                "produces": [
                    "application/json"
                ],
                "tags": [
                    "vault"
                ],
                "summary": "Get Vaults",
                "responses": {
                    "200": {
                        "description": "desc",
                        "schema": {
                            "$ref": "#/definitions/vault.JSONResult"
                        }
                    },
                    "400": {
                        "description": "Bad Request",
                        "schema": {
                            "$ref": "#/definitions/vault.JSONResult"
                        }
                    },
                    "404": {
                        "description": "Not Found",
                        "schema": {
                            "$ref": "#/definitions/vault.JSONResult"
                        }
                    },
                    "500": {
                        "description": "Internal Server Error",
                        "schema": {
                            "$ref": "#/definitions/vault.JSONResult"
                        }
                    }
                }
            }
        }
    },
    "definitions": {
        "go_base_api.JSONResult": {
            "type": "object",
            "properties": {
                "code": {
                    "type": "integer"
                },
                "data": {},
                "message": {
                    "type": "string"
                }
            }
        },
        "vault.GroupList": {
            "type": "object",
            "properties": {
                "groups": {
                    "type": "array",
                    "items": {
                        "type": "string"
                    }
                }
            }
        },
        "vault.JSONResult": {
            "type": "object",
            "properties": {
                "code": {
                    "type": "integer"
                },
                "data": {},
                "message": {
                    "type": "string"
                }
            }
        }
    },
    "securityDefinitions": {
        "ApiKeyAuth": {
            "type": "apiKey",
            "name": "Authorization",
            "in": "header"
        }
    }
}